ticker,cik,name,eps_sector,stonks_silo,tanuki,eps,hypecore,status,registered_date,registration_source,registration_note,exclusion_reason
AAPL,0000320193,Apple Inc.,,false,true,true,true,active,,unknown,列追加時点(2026-07-02)での遡及登録のため経緯不明,
ALAB,0001736297,"Astera Labs, Inc.",,false,true,true,true,active,,unknown,列追加時点(2026-07-02)での遡及登録のため経緯不明,
AMAT,0000006951,APPLIED MATERIALS INC /DE,,false,true,true,true,active,,unknown,列追加時点(2026-07-02)での遡及登録のため経緯不明,
AMD,0000002488,ADVANCED MICRO DEVICES INC,,false,true,true,true,active,,unknown,列追加時点(2026-07-02)での遡及登録のため経緯不明,
AMZN,0001018724,AMAZON COM INC,,false,true,true,true,active,,unknown,列追加時点(2026-07-02)での遡及登録のため経緯不明,
APP,0001751008,AppLovin Corp,,false,true,true,true,active,,unknown,列追加時点(2026-07-02)での遡及登録のため経緯不明,
ASTS,0001780312,"AST SpaceMobile, Inc.",,true,true,true,true,active,,unknown,列追加時点(2026-07-02)での遡及登録のため経緯不明,
AVAV,0001368622,AeroVironment Inc,,true,true,true,true,active,,unknown,列追加時点(2026-07-02)での遡及登録のため経緯不明,
BBAI,0001836981,"BigBear.ai Holdings, Inc.",,true,true,true,true,active,,unknown,列追加時点(2026-07-02)での遡及登録のため経緯不明,
BSY,0001031308,BENTLEY SYSTEMS INC,,false,true,true,true,active,,unknown,列追加時点(2026-07-02)での遡及登録のため経緯不明,
CAKE,0000887596,Cheesecake Factory Inc,,false,true,true,true,active,,unknown,列追加時点(2026-07-02)での遡及登録のため経緯不明,
CART,0001579091,Maplebear Inc.,,false,true,true,true,active,,unknown,列追加時点(2026-07-02)での遡及登録のため経緯不明,
CEG,0001868275,Constellation Energy Corp,,false,true,true,true,active,,unknown,列追加時点(2026-07-02)での遡及登録のため経緯不明,
CELH,0001341766,"Celsius Holdings, Inc.",,false,true,true,true,active,,unknown,列追加時点(2026-07-02)での遡及登録のため経緯不明,
CIX,0001049606,COMPX INTERNATIONAL INC,,false,true,true,true,active,,unknown,列追加時点(2026-07-02)での遡及登録のため経緯不明,
COHR,0000820318,COHERENT CORP.,,false,true,true,true,active,,unknown,列追加時点(2026-07-02)での遡及登録のため経緯不明,
CRM,0001108524,"Salesforce, Inc.",,false,true,true,true,active,,unknown,列追加時点(2026-07-02)での遡及登録のため経緯不明,
CRWV,1769628,CoreWeave Inc,,true,true,true,true,active,,unknown,列追加時点(2026-07-02)での遡及登録のため経緯不明,
CSGP,0001057352,"COSTAR GROUP, INC.",,false,true,true,true,active,,unknown,列追加時点(2026-07-02)での遡及登録のため経緯不明,
DDOG,0001561550,"Datadog, Inc.",,false,true,true,true,active,,unknown,列追加時点(2026-07-02)での遡及登録のため経緯不明,
ELF,0001600033,"e.l.f. Beauty, Inc.",,false,true,true,true,active,,unknown,列追加時点(2026-07-02)での遡及登録のため経緯不明,
ESTC,0001707753,Elastic N.V.,,true,true,true,true,active,,unknown,列追加時点(2026-07-02)での遡及登録のため経緯不明,
GOOGL,0001652044,Alphabet Inc.,,false,true,true,true,active,,unknown,列追加時点(2026-07-02)での遡及登録のため経緯不明,
GTLB,0001653482,Gitlab Inc.,,true,true,true,true,active,,unknown,列追加時点(2026-07-02)での遡及登録のため経緯不明,
IONQ,0001824920,"IonQ, Inc.",,true,true,true,true,active,,unknown,列追加時点(2026-07-02)での遡及登録のため経緯不明,
IOT,0001642896,Samsara Inc.,,true,true,true,true,active,,unknown,列追加時点(2026-07-02)での遡及登録のため経緯不明,
JOBY,0001819848,"Joby Aviation, Inc.",,true,true,true,true,active,,unknown,列追加時点(2026-07-02)での遡及登録のため経緯不明,
KO,0000021344,COCA COLA CO,,false,true,true,true,active,,unknown,列追加時点(2026-07-02)での遡及登録のため経緯不明,
LITE,0001633978,Lumentum Holdings Inc.,,false,true,true,true,active,,unknown,列追加時点(2026-07-02)での遡及登録のため経緯不明,
LLY,0000059478,ELI LILLY & Co,,false,true,true,true,active,,unknown,列追加時点(2026-07-02)での遡及登録のため経緯不明,
LMT,0000936468,LOCKHEED MARTIN CORP,,false,true,true,true,active,,unknown,列追加時点(2026-07-02)での遡及登録のため経緯不明,
META,0001326801,"Meta Platforms, Inc.",,false,true,true,true,active,,unknown,列追加時点(2026-07-02)での遡及登録のため経緯不明,
MRVL,0001835632,"Marvell Technology, Inc.",,false,true,true,true,active,,unknown,列追加時点(2026-07-02)での遡及登録のため経緯不明,
MSFT,0000789019,MICROSOFT CORP,,false,true,true,true,active,,unknown,列追加時点(2026-07-02)での遡及登録のため経緯不明,
NET,0001477333,"Cloudflare, Inc.",,true,true,true,true,active,,unknown,列追加時点(2026-07-02)での遡及登録のため経緯不明,
NOW,0001373715,"ServiceNow, Inc.",,false,true,true,true,active,,unknown,列追加時点(2026-07-02)での遡及登録のため経緯不明,
NVDA,0001045810,NVIDIA CORP,,false,true,true,true,active,,unknown,列追加時点(2026-07-02)での遡及登録のため経緯不明,
ONDS,0001646188,Ondas Inc.,,true,true,true,true,active,,unknown,列追加時点(2026-07-02)での遡及登録のため経緯不明,
PLTR,0001321655,Palantir Technologies Inc.,,false,true,true,true,active,,unknown,列追加時点(2026-07-02)での遡及登録のため経緯不明,
QBTS,0001907982,D-Wave Quantum Inc.,,true,true,true,true,active,,unknown,列追加時点(2026-07-02)での遡及登録のため経緯不明,
RBRK,0001943896,"Rubrik, Inc.",,true,true,true,true,active,,unknown,列追加時点(2026-07-02)での遡及登録のため経緯不明,
RCAT,0000748268,"Red Cat Holdings, Inc.",,true,true,true,true,active,,unknown,列追加時点(2026-07-02)での遡及登録のため経緯不明,
RDW,0001819810,Redwire Corp,,true,true,true,true,active,,unknown,列追加時点(2026-07-02)での遡及登録のため経緯不明,
RKLB,0001819994,Rocket Lab Corp,宇宙・航空,true,false,true,true,active,,unknown,列追加時点(2026-07-02)での遡及登録のため経緯不明,成長株のためSTONKS SILO側で評価する設計（tanuki=false・stonks_silo=true）
RXRX,0001601830,"RECURSION PHARMACEUTICALS, INC.",,true,true,true,true,active,,unknown,列追加時点(2026-07-02)での遡及登録のため経緯不明,
S,0001583708,"SentinelOne, Inc.",,true,true,true,true,active,,unknown,列追加時点(2026-07-02)での遡及登録のため経緯不明,
SITM,0001451809,SITIME Corp,,true,true,true,true,active,,unknown,列追加時点(2026-07-02)での遡及登録のため経緯不明,
SOFI,0001818874,"SoFi Technologies, Inc.",,false,true,true,true,active,,unknown,列追加時点(2026-07-02)での遡及登録のため経緯不明,
SOUN,0001840856,"SOUNDHOUND AI, INC.",,true,true,true,true,active,,unknown,列追加時点(2026-07-02)での遡及登録のため経緯不明,
SPIR,0001816017,"Spire Global, Inc.",Technology,true,true,true,true,active,,unknown,列追加時点(2026-07-02)での遡及登録のため経緯不明,
TSLA,0001318605,"Tesla, Inc.",,false,true,true,true,active,,unknown,列追加時点(2026-07-02)での遡及登録のため経緯不明,
VRT,0001674101,Vertiv Holdings Co,Technology,false,true,true,true,active,,unknown,列追加時点(2026-07-02)での遡及登録のため経緯不明,
ZETA,0001851003,Zeta Global Holdings Corp.,,false,true,true,true,active,,unknown,列追加時点(2026-07-02)での遡及登録のため経緯不明,
ZS,0001713683,"Zscaler, Inc.",,true,false,false,true,active,,unknown,列追加時点(2026-07-02)での遡及登録のため経緯不明,成長株のためSTONKS SILO側で評価する設計（tanuki=false・stonks_silo=true、eps=falseも同様の理由）
ADBE,0000796343,Adobe Inc.,,false,true,true,true,active,,unknown,列追加時点(2026-07-02)での遡及登録のため経緯不明,
BKNG,0001075531,Booking Holdings Inc.,,false,true,false,true,active,,unknown,列追加時点(2026-07-02)での遡及登録のため経緯不明,
ADSK,0000769397,Autodesk Inc.,,false,true,true,true,active,,unknown,列追加時点(2026-07-02)での遡及登録のため経緯不明,
CDNS,0000813672,Cadence Design Systems,,false,true,true,true,active,,unknown,列追加時点(2026-07-02)での遡及登録のため経緯不明,
PAYS,0001496443,Paysign Inc.,,false,true,true,true,active,,unknown,列追加時点(2026-07-02)での遡及登録のため経緯不明,
INTU,0000896878,Intuit Inc.,,false,true,true,true,active,,unknown,列追加時点(2026-07-02)での遡及登録のため経緯不明,
HEI,0000046619,HEICO Corporation,,false,true,true,true,active,,unknown,列追加時点(2026-07-02)での遡及登録のため経緯不明,
HWM,0000004281,Howmet Aerospace,,false,true,true,true,active,,unknown,列追加時点(2026-07-02)での遡及登録のため経緯不明,
HON,0000773840,Honeywell International,,false,true,true,true,active,,unknown,列追加時点(2026-07-02)での遡及登録のため経緯不明,
TDY,0001094285,Teledyne Technologies,,false,true,true,true,active,,unknown,列追加時点(2026-07-02)での遡及登録のため経緯不明,
KULR,0001662684,KULR Technology Group,,true,true,true,true,active,,unknown,列追加時点(2026-07-02)での遡及登録のため経緯不明,
VST,0001692819,Vistra Energy Corp,,false,true,true,true,active,,unknown,列追加時点(2026-07-02)での遡及登録のため経緯不明,
SCCO,0001001838,Southern Copper Corporation,,false,true,true,true,active,,unknown,列追加時点(2026-07-02)での遡及登録のため経緯不明,
FCX,0000831259,Freeport-McMoRan Inc,,false,true,false,true,active,,unknown,列追加時点(2026-07-02)での遡及登録のため経緯不明,
V,0001403161,Visa Inc.,,false,true,true,true,active,,unknown,列追加時点(2026-07-02)での遡及登録のため経緯不明,
CPRT,0000900075,Copart Inc.,,false,true,true,true,active,,unknown,列追加時点(2026-07-02)での遡及登録のため経緯不明,
MSCI,0001408198,MSCI Inc.,,false,true,true,true,active,,unknown,列追加時点(2026-07-02)での遡及登録のため経緯不明,
FICO,0000814547,Fair Isaac Corp.,,false,true,true,true,active,,unknown,列追加時点(2026-07-02)での遡及登録のため経緯不明,
HQY,0001428336,HealthEquity Inc.,,false,true,true,true,active,,unknown,列追加時点(2026-07-02)での遡及登録のため経緯不明,
DOCN,0001582961,DigitalOcean Holdings Inc.,,false,true,true,true,active,,unknown,列追加時点(2026-07-02)での遡及登録のため経緯不明,
FRSH,0001544522,Freshworks Inc.,,false,true,true,true,active,,unknown,列追加時点(2026-07-02)での遡及登録のため経緯不明,
TASK,0001829864,TaskUs Inc.,,false,true,true,true,active,,unknown,列追加時点(2026-07-02)での遡及登録のため経緯不明,
ABBV,0001551152,AbbVie Inc.,,false,true,true,true,active,,unknown,列追加時点(2026-07-02)での遡及登録のため経緯不明,
BROS,0001866581,Dutch Bros Inc.,,false,true,true,true,active,,unknown,列追加時点(2026-07-02)での遡及登録のため経緯不明,
CAT,0000018230,CATERPILLAR INC,,false,true,true,true,active,,unknown,列追加時点(2026-07-02)での遡及登録のため経緯不明,
DELL,0001571996,Dell Technologies Inc.,,false,true,true,true,active,,unknown,列追加時点(2026-07-02)での遡及登録のため経緯不明,
FLYW,0001580560,Flywire Corp,,false,true,true,true,active,,unknown,列追加時点(2026-07-02)での遡及登録のため経緯不明,
FROG,0001800667,JFrog Ltd,,true,true,true,true,active,,unknown,列追加時点(2026-07-02)での遡及登録のため経緯不明,
GEV,0001996810,GE Vernova Inc.,,false,true,true,true,active,,unknown,列追加時点(2026-07-02)での遡及登録のため経緯不明,
JNJ,0000200406,JOHNSON & JOHNSON,,false,true,true,true,active,,unknown,列追加時点(2026-07-02)での遡及登録のため経緯不明,
LOAR,0002000178,Loar Holdings Inc.,,false,true,true,true,active,,unknown,列追加時点(2026-07-02)での遡及登録のため経緯不明,
LYFT,0001759509,Lyft Inc.,,true,true,true,true,active,,unknown,列追加時点(2026-07-02)での遡及登録のため経緯不明,
MO,0000764180,ALTRIA GROUP INC.,,false,true,true,true,active,,unknown,列追加時点(2026-07-02)での遡及登録のため経緯不明,
PEP,0000077476,PEPSICO INC,,false,true,true,true,active,,unknown,列追加時点(2026-07-02)での遡及登録のため経緯不明,
PM,0001413329,Philip Morris International Inc.,,false,true,true,true,active,,unknown,列追加時点(2026-07-02)での遡及登録のため経緯不明,
SNPS,0000883241,SYNOPSYS INC,,false,true,true,true,active,,unknown,列追加時点(2026-07-02)での遡及登録のため経緯不明,
VZ,0000732712,VERIZON COMMUNICATIONS INC,,false,true,true,true,active,,unknown,列追加時点(2026-07-02)での遡及登録のため経緯不明,
WMT,0000104169,Walmart Inc.,,false,true,true,true,active,,unknown,列追加時点(2026-07-02)での遡及登録のため経緯不明,
XOM,0000034088,EXXON MOBIL CORP,,false,true,true,true,active,,unknown,列追加時点(2026-07-02)での遡及登録のため経緯不明,
WST,0000105770,"West Pharmaceutical Services, Inc.",,false,true,true,true,candidate,2026-07-02,technical_screening,マーク・ミネルヴィニのスーパーストック条件を満たした銘柄（ピボットポイント）。ただしmoomoo AIスクリーニングによる簡易版。株価・出来高ベースのテクニカル条件（移動平均線順序・52週高値位置・RSI）のみで抽出しており、本来の条件であるRS Rating（相対力ランキング、代替にRSIを使用）およびEPS/売上成長率の加速は未評価。,
APGE,0001974640,"Apogee Therapeutics, Inc.",,true,false,true,true,candidate,2026-07-02,technical_screening,マーク・ミネルヴィニのスーパーストック条件を満たした銘柄（ピボットポイント）。ただしmoomoo AIスクリーニングによる簡易版。株価・出来高ベースのテクニカル条件（移動平均線順序・52週高値位置・RSI）のみで抽出しており、本来の条件であるRS Rating（相対力ランキング、代替にRSIを使用）およびEPS/売上成長率の加速は未評価。,TANUKI VALUATION(DCF)は売上ゼロのため適用外。STONKS SILO(runway)で監視
CON,0002014596,"Concentra Group Holdings Parent, Inc.",,false,true,true,true,candidate,2026-07-02,technical_screening,マーク・ミネルヴィニのスーパーストック条件を満たした銘柄（ピボットポイント）。ただしmoomoo AIスクリーニングによる簡易版。株価・出来高ベースのテクニカル条件（移動平均線順序・52週高値位置・RSI）のみで抽出しており、本来の条件であるRS Rating（相対力ランキング、代替にRSIを使用）およびEPS/売上成長率の加速は未評価。,
SN,0001957132,"SharkNinja, Inc.",,false,true,true,true,candidate,2026-07-02,technical_screening,マーク・ミネルヴィニのスーパーストック条件を満たした銘柄（ピボットポイント）。ただしmoomoo AIスクリーニングによる簡易版。株価・出来高ベースのテクニカル条件（移動平均線順序・52週高値位置・RSI）のみで抽出しており、本来の条件であるRS Rating（相対力ランキング、代替にRSIを使用）およびEPS/売上成長率の加速は未評価。｜tanuki=false一時的措置は2026-09-06に解除済み（quarterly_2026Q2.json蓄積を実データ確認、[[SN-TANUKI-DELAY-1]]クローズ）,
RMBS,0000917273,RAMBUS INC,,false,true,true,true,active,2026-07-09,manual,半導体関連・手動一括登録,
ENTG,0001101302,ENTEGRIS INC,,false,true,true,true,active,2026-07-09,manual,半導体関連・手動一括登録,
TER,0000097210,"TERADYNE, INC",,false,true,true,true,active,2026-07-09,manual,半導体関連・手動一括登録,
KLAC,0000319201,KLA CORP,,false,true,true,true,active,2026-07-09,manual,半導体関連・手動一括登録,
LRCX,0000707549,LAM RESEARCH CORP,,false,true,true,true,active,2026-07-09,manual,半導体関連・手動一括登録,
